Handle,Title,Body (HTML),Vendor,Product Category,Type,Tags,Published,Option1 Name,Option1 Value,Option1 Linked To,Option2 Name,Option2 Value,Option2 Linked To,Option3 Name,Option3 Value,Option3 Linked To,Variant SKU,Variant Grams,Variant Inventory Tracker,Variant Inventory Qty,Variant Inventory Policy,Variant Fulfillment Service,Variant Price,Variant Compare At Price,Variant Requires Shipping,Variant Taxable,Unit Price Total Measure,Unit Price Total Measure Unit,Unit Price Base Measure,Unit Price Base Measure Unit,Variant Barcode,Image Src,Image Position,Image Alt Text,Gift Card,SEO Title,SEO Description,Accessory size (product.metafields.shopify.accessory-size),Color (product.metafields.shopify.color-pattern),Cover features (product.metafields.shopify.cover-features),Cover material (product.metafields.shopify.cover-material),Decoration material (product.metafields.shopify.decoration-material),Material (product.metafields.shopify.material),Mounting type (product.metafields.shopify.mounting-type),Office supply material (product.metafields.shopify.office-supply-material),Portability (product.metafields.shopify.portability),Retail/Sale sign design (product.metafields.shopify.retail-sale-sign-design),Shape (product.metafields.shopify.shape),Suitable space (product.metafields.shopify.suitable-space),Vehicle application area (product.metafields.shopify.vehicle-application-area),Vehicle decor features (product.metafields.shopify.vehicle-decor-features),Vehicle type (product.metafields.shopify.vehicle-type),Variant Image,Variant Weight Unit,Variant Tax Code,Cost per item,Status
snow-brooms-with-handles,Snow Brooms with Handles,"<p><img><span>Sno Rakes patented 18"" polyethylene foam head is wrapped around a hardwood core for durability. Unique ""traffic marker orange"" head is visible even when buried in light snow. Includes 48"" hardwood handle with metal thread. Will not scrat</span><span class=""morecontent""><span class=""content"">ch finishes.</span></span></p>",Giant Dealer Supplies,Home & Garden > Lawn & Garden > Snow Removal > Ice Scrapers & Snow Brushes > Snow Brushes,"","",true,Title,Default Title,,,,,,,,,0.0,,0,deny,manual,39.95,,true,true,,,,,"",https://cdn.shopify.com/s/files/1/0759/8863/1701/files/spsr_3.webp?v=1768925769,1,"",false,,,,orange,,,,,,,,,,,,,,,lb,,,active
vehicle-information-sticker,Vehicle Information Sticker,"<div class=""row"">
<div class=""col-lg-12"">
<div class=""plaintext proddesc"">Vehicle Information Sticker adheres to the inside of the window. No more using tape! This one part form is a great way to inform your customers of all the added accesories. 100 per pack. Form is 8 1/2"" wide x 11"" tall.</div>
</div>
</div>",Giant Dealer Supplies,"Vehicles & Parts > Vehicle Parts & Accessories > Vehicle Maintenance, Care & Decor > Vehicle Decor > Vehicle Decals","","",true,Title,Default Title,,,,,,,,,0.0,,0,deny,manual,38.00,,true,true,,,,,"",https://cdn.shopify.com/s/files/1/0759/8863/1701/files/0625_i15.jpg?v=1768923309,1,"",false,,,,red,,,,,,,,,,,interior,easy-to-apply,car,,lb,,,active
dealer-plate-bags,Dealer Plate Bags,<p><span>Deluxe vinyl dealer plate bag has heavy gauge clear plastic cover and Velcro fold over top. Tough seat belt material strap.</span></p>,Giant Dealer Supplies,"Vehicles & Parts > Vehicle Parts & Accessories > Vehicle Maintenance, Care & Decor > Vehicle Decor > Vehicle License Plate Covers","","",true,Title,Default Title,,,,,,,,,0.0,,0,deny,manual,10.95,,true,true,,,,,"",https://cdn.shopify.com/s/files/1/0759/8863/1701/files/dpp.webp?v=1768922170,1,"",false,,,,black,easy-to-install; waterproof; scratch-resistant,plastic,,,,,,,,,exterior,,car,,lb,,,active
work-order-key-tags,Work Order Key Tags,"<p><span>Economically priced! Ideal for service departments, garages and body shops.</span></p>",Giant Dealer Supplies,Office Supplies > General Office Supplies > Labels & Tags,"","",true,Title,Default Title,,,,,,,,,0.0,,0,deny,manual,57.00,,true,true,,,,,"",https://cdn.shopify.com/s/files/1/0759/8863/1701/files/pts1000.webp?v=1768922067,1,"",false,,,,,,,,,,cardboard; metal,,,,,,,,,lb,,,active
drop-box-envelopes,Drop Box Envelopes,"<ul>
<li data-start=""98"" data-end=""168"">
<p data-start=""100"" data-end=""168"">Drop box key envelopes designed for service department convenience</p>
</li>
<li data-start=""169"" data-end=""242"">
<p data-start=""171"" data-end=""242"">Pre-printed with essential fields for clear and organized information</p>
</li>
<li data-start=""243"" data-end=""296"">
<p data-start=""245"" data-end=""296"">Ideal for after-hours key drop and service intake</p>
</li>
<li data-start=""297"" data-end=""367"">
<p data-start=""299"" data-end=""367"">Helps improve accuracy and efficiency in customer vehicle handling</p>
</li>
<li data-start=""368"" data-end=""426"">
<p data-start=""370"" data-end=""426"">Durable envelope construction for daily dealership use</p>
</li>
<li data-start=""427"" data-end=""451"">
<p data-start=""429"" data-end=""451"">Sold in boxes of 100</p>
</li>
</ul>",Giant Dealer Supplies,Office Supplies > General Office Supplies > Paper Products > Envelopes,"","",true,Title,Default Title,,,,,,,,,0.0,,0,deny,manual,49.00,,true,true,,,,,"",https://cdn.shopify.com/s/files/1/0759/8863/1701/files/DropBoxEnvelopes.jpg?v=1767030876,1,"",false,,,,teal,,,,,,,,,,,,,,,lb,,,active
deal-jackets,Deal Jackets,"<ul>
<li data-start=""102"" data-end=""173"">
<p data-start=""104"" data-end=""173"">9"" x 12"" manila deal jackets ideal for organizing vehicle paperwork</p>
</li>
<li data-start=""174"" data-end=""244"">
<p data-start=""176"" data-end=""244"">Keeps important documents protected from loss, tears, and wrinkles</p>
</li>
<li data-start=""245"" data-end=""325"">
<p data-start=""247"" data-end=""325"">Perfect for auto dealerships, sales departments, and vehicle inventory files</p>
</li>
<li data-start=""326"" data-end=""385"">
<p data-start=""328"" data-end=""385"">Durable manila construction for everyday dealership use</p>
</li>
<li data-start=""386"" data-end=""442"">
<p data-start=""388"" data-end=""442"">Helps streamline vehicle sales and record management</p>
</li>
<li data-start=""443"" data-end=""478"">
<p data-start=""445"" data-end=""478"">Sold in convenient packs of 100</p>
</li>
</ul>",Giant Dealer Supplies,Office Supplies > Filing & Organization > Folders & Report Covers > Pocket Folders,"","",true,Color,blue,product.metafields.shopify.color-pattern,,,,,,,,0.0,,0,deny,manual,42.00,,true,true,,,,,"",https://cdn.shopify.com/s/files/1/0759/8863/1701/files/EZ450-Simple.jpg?v=1768922861,1,"",false,,,,blue; yellow,,,,,,,,,,,,,,,lb,,,active
deal-jackets,,,,,,,,,yellow,,,,,,,,,0.0,,0,deny,manual,42.00,,true,true,,,,,"",,,,,,,,,,,,,,,,,,,,,,,lb,,,
oval-model-year-stickers,Oval Model Year Stickers,"<p>Easy to Install</p>
<p>Highlight The Vehicle's Model Year</p>
<p>Available in multiple colours</p>
<p>Packs of 12 </p>",Giant Dealer Supplies,"Vehicles & Parts > Vehicle Parts & Accessories > Vehicle Maintenance, Care & Decor > Vehicle Decor > Vehicle Decals","","",true,Color,Red & Yellow,,Year,2014,,,,,,0.0,,0,deny,manual,13.95,,true,true,,,,,"",https://cdn.shopify.com/s/files/1/0759/8863/1701/files/ModelYearStickers-Oval.webp?v=1767029856,1,"",false,,,one-size,"",,,plastic; vinyl,,,,,,,,exterior,easy-to-apply,car,,lb,,,active
oval-model-year-stickers,,,,,,,,,Red & Yellow,,,2015,,,,,,0.0,,0,deny,manual,13.95,,true,true,,,,,"",,,,,,,,,,,,,,,,,,,,,,,lb,,,
oval-model-year-stickers,,,,,,,,,Red & Yellow,,,2016,,,,,,0.0,,0,deny,manual,13.95,,true,true,,,,,"",,,,,,,,,,,,,,,,,,,,,,,lb,,,
oval-model-year-stickers,,,,,,,,,Red & Yellow,,,2017,,,,,,0.0,,0,deny,manual,13.95,,true,true,,,,,"",,,,,,,,,,,,,,,,,,,,,,,lb,,,
oval-model-year-stickers,,,,,,,,,Red & Yellow,,,2018,,,,,,0.0,,0,deny,manual,13.95,,true,true,,,,,"",,,,,,,,,,,,,,,,,,,,,,,lb,,,
oval-model-year-stickers,,,,,,,,,Red & Yellow,,,2019,,,,,,0.0,,0,deny,manual,13.95,,true,true,,,,,"",,,,,,,,,,,,,,,,,,,,,,,lb,,,
oval-model-year-stickers,,,,,,,,,Red & Yellow,,,2020,,,,,,0.0,,0,deny,manual,13.95,,true,true,,,,,"",,,,,,,,,,,,,,,,,,,,,,,lb,,,
oval-model-year-stickers,,,,,,,,,Red & Yellow,,,2021,,,,,,0.0,,0,deny,manual,13.95,,true,true,,,,,"",,,,,,,,,,,,,,,,,,,,,,,lb,,,
oval-model-year-stickers,,,,,,,,,Red & Yellow,,,2022,,,,,,0.0,,0,deny,manual,13.95,,true,true,,,,,"",,,,,,,,,,,,,,,,,,,,,,,lb,,,
oval-model-year-stickers,,,,,,,,,Red & Yellow,,,2023,,,,,,0.0,,0,deny,manual,13.95,,true,true,,,,,"",,,,,,,,,,,,,,,,,,,,,,,lb,,,
oval-model-year-stickers,,,,,,,,,Red & Yellow,,,2024,,,,,,0.0,,0,deny,manual,13.95,,true,true,,,,,"",,,,,,,,,,,,,,,,,,,,,,,lb,,,
oval-model-year-stickers,,,,,,,,,Red & Yellow,,,2025,,,,,,0.0,,0,deny,manual,13.95,,true,true,,,,,"",,,,,,,,,,,,,,,,,,,,,,,lb,,,
oval-model-year-stickers,,,,,,,,,Red & Yellow,,,2026,,,,,,0.0,,0,deny,manual,13.95,,true,true,,,,,"",,,,,,,,,,,,,,,,,,,,,,,lb,,,
oval-model-year-stickers,,,,,,,,,Blue & Yellow,,,2014,,,,,,0.0,,0,deny,manual,13.95,,true,true,,,,,"",,,,,,,,,,,,,,,,,,,,,,,lb,,,
oval-model-year-stickers,,,,,,,,,Blue & Yellow,,,2015,,,,,,0.0,,0,deny,manual,13.95,,true,true,,,,,"",,,,,,,,,,,,,,,,,,,,,,,lb,,,
oval-model-year-stickers,,,,,,,,,Blue & Yellow,,,2016,,,,,,0.0,,0,deny,manual,13.95,,true,true,,,,,"",,,,,,,,,,,,,,,,,,,,,,,lb,,,
oval-model-year-stickers,,,,,,,,,Blue & Yellow,,,2017,,,,,,0.0,,0,deny,manual,13.95,,true,true,,,,,"",,,,,,,,,,,,,,,,,,,,,,,lb,,,
oval-model-year-stickers,,,,,,,,,Blue & Yellow,,,2018,,,,,,0.0,,0,deny,manual,13.95,,true,true,,,,,"",,,,,,,,,,,,,,,,,,,,,,,lb,,,
oval-model-year-stickers,,,,,,,,,Blue & Yellow,,,2019,,,,,,0.0,,0,deny,manual,13.95,,true,true,,,,,"",,,,,,,,,,,,,,,,,,,,,,,lb,,,
oval-model-year-stickers,,,,,,,,,Blue & Yellow,,,2020,,,,,,0.0,,0,deny,manual,13.95,,true,true,,,,,"",,,,,,,,,,,,,,,,,,,,,,,lb,,,
oval-model-year-stickers,,,,,,,,,Blue & Yellow,,,2021,,,,,,0.0,,0,deny,manual,13.95,,true,true,,,,,"",,,,,,,,,,,,,,,,,,,,,,,lb,,,
oval-model-year-stickers,,,,,,,,,Blue & Yellow,,,2022,,,,,,0.0,,0,deny,manual,13.95,,true,true,,,,,"",,,,,,,,,,,,,,,,,,,,,,,lb,,,
oval-model-year-stickers,,,,,,,,,Blue & Yellow,,,2023,,,,,,0.0,,0,deny,manual,13.95,,true,true,,,,,"",,,,,,,,,,,,,,,,,,,,,,,lb,,,
oval-model-year-stickers,,,,,,,,,Blue & Yellow,,,2024,,,,,,0.0,,0,deny,manual,13.95,,true,true,,,,,"",,,,,,,,,,,,,,,,,,,,,,,lb,,,
oval-model-year-stickers,,,,,,,,,Blue & Yellow,,,2025,,,,,,0.0,,0,deny,manual,13.95,,true,true,,,,,"",,,,,,,,,,,,,,,,,,,,,,,lb,,,
oval-model-year-stickers,,,,,,,,,Blue & Yellow,,,2026,,,,,,0.0,,0,deny,manual,13.95,,true,true,,,,,"",,,,,,,,,,,,,,,,,,,,,,,lb,,,
oval-model-year-stickers,,,,,,,,,Red & White,,,2014,,,,,,0.0,,0,deny,manual,13.95,,true,true,,,,,"",,,,,,,,,,,,,,,,,,,,,,,lb,,,
oval-model-year-stickers,,,,,,,,,Red & White,,,2015,,,,,,0.0,,0,deny,manual,13.95,,true,true,,,,,"",,,,,,,,,,,,,,,,,,,,,,,lb,,,
oval-model-year-stickers,,,,,,,,,Red & White,,,2016,,,,,,0.0,,0,deny,manual,13.95,,true,true,,,,,"",,,,,,,,,,,,,,,,,,,,,,,lb,,,
oval-model-year-stickers,,,,,,,,,Red & White,,,2017,,,,,,0.0,,0,deny,manual,13.95,,true,true,,,,,"",,,,,,,,,,,,,,,,,,,,,,,lb,,,
oval-model-year-stickers,,,,,,,,,Red & White,,,2018,,,,,,0.0,,0,deny,manual,13.95,,true,true,,,,,"",,,,,,,,,,,,,,,,,,,,,,,lb,,,
oval-model-year-stickers,,,,,,,,,Red & White,,,2019,,,,,,0.0,,0,deny,manual,13.95,,true,true,,,,,"",,,,,,,,,,,,,,,,,,,,,,,lb,,,
oval-model-year-stickers,,,,,,,,,Red & White,,,2020,,,,,,0.0,,0,deny,manual,13.95,,true,true,,,,,"",,,,,,,,,,,,,,,,,,,,,,,lb,,,
oval-model-year-stickers,,,,,,,,,Red & White,,,2021,,,,,,0.0,,0,deny,manual,13.95,,true,true,,,,,"",,,,,,,,,,,,,,,,,,,,,,,lb,,,
oval-model-year-stickers,,,,,,,,,Red & White,,,2022,,,,,,0.0,,0,deny,manual,13.95,,true,true,,,,,"",,,,,,,,,,,,,,,,,,,,,,,lb,,,
oval-model-year-stickers,,,,,,,,,Red & White,,,2023,,,,,,0.0,,0,deny,manual,13.95,,true,true,,,,,"",,,,,,,,,,,,,,,,,,,,,,,lb,,,
oval-model-year-stickers,,,,,,,,,Red & White,,,2024,,,,,,0.0,,0,deny,manual,13.95,,true,true,,,,,"",,,,,,,,,,,,,,,,,,,,,,,lb,,,
oval-model-year-stickers,,,,,,,,,Red & White,,,2025,,,,,,0.0,,0,deny,manual,13.95,,true,true,,,,,"",,,,,,,,,,,,,,,,,,,,,,,lb,,,
oval-model-year-stickers,,,,,,,,,Red & White,,,2026,,,,,,0.0,,0,deny,manual,13.95,,true,true,,,,,"",,,,,,,,,,,,,,,,,,,,,,,lb,,,
custom-reusable-mirror-hangers,Custom Reusable Mirror Hangers,<p><span>Custom printed reusable coroplast sign hangs from the rearview mirror. Printed in full colour</span></p>,Giant Dealer Supplies,"Vehicles & Parts > Vehicle Parts & Accessories > Vehicle Maintenance, Care & Decor > Vehicle Decor > Vehicle Rear View Mirror Ornaments","","",true,Title,Default Title,,,,,,,,,0.0,,0,deny,manual,18.00,,true,true,,,,,"",https://cdn.shopify.com/s/files/1/0759/8863/1701/files/CustomReusableMirrorHangers.webp?v=1767024058,1,"",false,,,one-size,multicolor,,,plastic,,,,,,,,interior,easy-to-apply,car,,lb,,,active
custom-heavy-stock-mirror-hangers,Custom Heavy Stock Mirror Hangers,"<p>Custom Heavy Stock Mirror Hangers designed to exceed your expectations. We print everything in-house, giving you direct access to our talented design team who are ready to bring your ideas to life. Whether you need standard specifications or completely custom design, we work closely with you every step of the way.</p>
<p> </p>
<p>Once you submit the order, our sales team will be in touch to coordinate with our designers to ensure a timely delivery</p>",Giant Dealer Supplies,Home & Garden > Decor > Mirrors,"","",true,Title,Default Title,,,,,,,,,0.0,,0,deny,manual,50.00,,true,true,,,,,"",https://cdn.shopify.com/s/files/1/0759/8863/1701/files/CustomHeavyStockMirrorHangers.jpg?v=1767023639,1,"",false,,,,green; yellow,,,,,,,,,rectangular,,,,,,lb,,,active
custom-heavy-stock-mirror-hangers,,,,,,,,,,,,,,,,,,,,,,,,,,,,,,,,https://cdn.shopify.com/s/files/1/0759/8863/1701/files/Perma-Shine_Mirror_Hanger.png?v=1767023751,2,"",,,,,,,,,,,,,,,,,,,,,,,
sold-hold-mirror-hangers,Sold/Hold Mirror Hangers,"<p><span><strong>Sold/Hold Tags are two tags in one! ""Sold"" on the front and ""Hold"" on the back!</strong></span></p>
<ul>
<li>Packaged 50 per shrink-wrapped pack.</li>
<li>
<strong>Stock:</strong><span> </span>Heavy card stock.</li>
</ul>",Giant Dealer Supplies,Business & Industrial > Retail > Pricing Guns,"","",true,Title,Default Title,,,,,,,,,0.0,,0,deny,manual,35.00,,true,true,,,,,"",https://cdn.shopify.com/s/files/1/0759/8863/1701/files/Sold_HoldMirrorHangers.png?v=1767023227,1,"",false,,,,yellow,,,,,,,,,,,,,,,lb,,,active
service-dispatch-control-tags,Service Dispatch Control Tags,"<ul>
<li>Packaged 10 pads of 100 - 1,000 per box.</li>
<li>Lowest set is 000-999.</li>
<li>Highest set is 9000-9999.</li>
</ul>",Giant Dealer Supplies,Office Supplies > General Office Supplies > Labels & Tags,"","",true,Numbers,0-999,,,,,,,,,0.0,,0,deny,manual,128.00,,true,true,,,,,"",https://cdn.shopify.com/s/files/1/0759/8863/1701/files/ServicedispatchControlTags.jpg?v=1767022681,1,"",false,,,,,,,,,,cardboard,,,,,,,,,lb,,,active
service-dispatch-control-tags,,,,,,,,,1000-1999,,,,,,,,,0.0,,0,deny,manual,128.00,,true,true,,,,,"",,,,,,,,,,,,,,,,,,,,,,,lb,,,
service-dispatch-control-tags,,,,,,,,,2000-2999,,,,,,,,,0.0,,0,deny,manual,128.00,,true,true,,,,,"",,,,,,,,,,,,,,,,,,,,,,,lb,,,
service-dispatch-control-tags,,,,,,,,,3000-3999,,,,,,,,,0.0,,0,deny,manual,128.00,,true,true,,,,,"",,,,,,,,,,,,,,,,,,,,,,,lb,,,
service-dispatch-control-tags,,,,,,,,,4000-4999,,,,,,,,,0.0,,0,deny,manual,128.00,,true,true,,,,,"",,,,,,,,,,,,,,,,,,,,,,,lb,,,
service-dispatch-control-tags,,,,,,,,,5000-5999,,,,,,,,,0.0,,0,deny,manual,128.00,,true,true,,,,,"",,,,,,,,,,,,,,,,,,,,,,,lb,,,
service-dispatch-control-tags,,,,,,,,,6000-6999,,,,,,,,,0.0,,0,deny,manual,128.00,,true,true,,,,,"",,,,,,,,,,,,,,,,,,,,,,,lb,,,
service-dispatch-control-tags,,,,,,,,,7000-7999,,,,,,,,,0.0,,0,deny,manual,128.00,,true,true,,,,,"",,,,,,,,,,,,,,,,,,,,,,,lb,,,
service-dispatch-control-tags,,,,,,,,,8000-8999,,,,,,,,,0.0,,0,deny,manual,128.00,,true,true,,,,,"",,,,,,,,,,,,,,,,,,,,,,,lb,,,
service-dispatch-control-tags,,,,,,,,,9000-9999,,,,,,,,,0.0,,0,deny,manual,128.00,,true,true,,,,,"",,,,,,,,,,,,,,,,,,,,,,,lb,,,
round-corner-e-z-tags,Round Corner E-Z Tags,"<ul>
<li data-start=""82"" data-end=""167"">
<p data-start=""84"" data-end=""167"">Rounded-corner self-laminating key tags designed for comfort and ease of handling</p>
</li>
<li data-start=""168"" data-end=""230"">
<p data-start=""170"" data-end=""230"">Smooth edges help reduce snagging in pockets and daily use</p>
</li>
<li data-start=""231"" data-end=""300"">
<p data-start=""233"" data-end=""300"">Durable, high-quality materials with long-lasting, vibrant colors</p>
</li>
<li data-start=""301"" data-end=""371"">
<p data-start=""303"" data-end=""371"">Easy fold-and-seal design creates a fully enclosed, waterproof tag</p>
</li>
<li data-start=""372"" data-end=""434"">
<p data-start=""374"" data-end=""434"">Ideal for organizing vehicle inventory at auto dealerships</p>
</li>
<li data-start=""435"" data-end=""468"">
<p data-start=""437"" data-end=""468"">Available in 11 color options</p>
</li>
</ul>",Giant Dealer Supplies,Office Supplies > General Office Supplies > Labels & Tags,"","",true,Color,blue,product.metafields.shopify.color-pattern,,,,,,,,0.0,,0,deny,manual,47.95,,true,true,,,,,"",https://cdn.shopify.com/s/files/1/0759/8863/1701/files/RoundCornerE-ZTags.jpg?v=1767022046,1,"",false,,,,blue; white; gray; orange; yellow; green; tan; lime-green; teal; purple; red,,,,,,plastic,,,,,,,,,lb,,,active
round-corner-e-z-tags,,,,,,,,,white,,,,,,,,,0.0,,0,deny,manual,47.95,,true,true,,,,,"",https://cdn.shopify.com/s/files/1/0759/8863/1701/files/RoundCornerE-ZTags-2.webp?v=1767022228,2,"",,,,,,,,,,,,,,,,,,,,lb,,,
round-corner-e-z-tags,,,,,,,,,gray,,,,,,,,,0.0,,0,deny,manual,47.95,,true,true,,,,,"",,,,,,,,,,,,,,,,,,,,,,,lb,,,
round-corner-e-z-tags,,,,,,,,,orange,,,,,,,,,0.0,,0,deny,manual,47.95,,true,true,,,,,"",,,,,,,,,,,,,,,,,,,,,,,lb,,,
round-corner-e-z-tags,,,,,,,,,yellow,,,,,,,,,0.0,,0,deny,manual,47.95,,true,true,,,,,"",,,,,,,,,,,,,,,,,,,,,,,lb,,,
round-corner-e-z-tags,,,,,,,,,green,,,,,,,,,0.0,,0,deny,manual,47.95,,true,true,,,,,"",,,,,,,,,,,,,,,,,,,,,,,lb,,,
round-corner-e-z-tags,,,,,,,,,tan,,,,,,,,,0.0,,0,deny,manual,47.95,,true,true,,,,,"",,,,,,,,,,,,,,,,,,,,,,,lb,,,
round-corner-e-z-tags,,,,,,,,,lime-green,,,,,,,,,0.0,,0,deny,manual,47.95,,true,true,,,,,"",,,,,,,,,,,,,,,,,,,,,,,lb,,,
round-corner-e-z-tags,,,,,,,,,teal,,,,,,,,,0.0,,0,deny,manual,47.95,,true,true,,,,,"",,,,,,,,,,,,,,,,,,,,,,,lb,,,
round-corner-e-z-tags,,,,,,,,,purple,,,,,,,,,0.0,,0,deny,manual,47.95,,true,true,,,,,"",,,,,,,,,,,,,,,,,,,,,,,lb,,,
round-corner-e-z-tags,,,,,,,,,red,,,,,,,,,0.0,,0,deny,manual,47.95,,true,true,,,,,"",,,,,,,,,,,,,,,,,,,,,,,lb,,,
poly-stock-stickers,Poly Stock Stickers,"<ul>
<li>Peel tape, fill out vehicle specific information and adhere to inside of windshield for easy identification.</li>
<li>Packaged 250 stickers per box.</li>
<li>Includes 1 Fine Point Marker.</li>
<li>Available in White and Yellow.</li>
<li>
<strong>Stock:</strong><span> </span>23 mil Polyethylene</li>
</ul>",Giant Dealer Supplies,"Vehicles & Parts > Vehicle Parts & Accessories > Vehicle Maintenance, Care & Decor > Vehicle Decor > Vehicle Decals","","",true,Title,Default Title,,,,,,,,,0.0,,0,deny,manual,45.00,,true,true,,,,,"",https://cdn.shopify.com/s/files/1/0759/8863/1701/files/PolyStockStickersBothColors.jpg?v=1766902171,1,"",false,,,one-size,yellow,,,plastic,,,,,,,,interior,easy-to-apply,car,,lb,,,active
poly-stock-stickers,,,,,,,,,,,,,,,,,,,,,,,,,,,,,,,,https://cdn.shopify.com/s/files/1/0759/8863/1701/files/PolyStockStickersWhite.jpg?v=1766902193,2,"",,,,,,,,,,,,,,,,,,,,,,,
poly-stock-stickers,,,,,,,,,,,,,,,,,,,,,,,,,,,,,,,,https://cdn.shopify.com/s/files/1/0759/8863/1701/files/PolyStockStickersYellow.jpg?v=1766902211,3,"",,,,,,,,,,,,,,,,,,,,,,,
mini-signs,Mini Signs,"<ul>
<li>Clear plastic film seals sticker to window on all four sides</li>
<li>Packaged 250 per box with 1 Wide Tip Marker<br>
</li>
<li>Available in White with Red Border.</li>
</ul>",Giant Dealer Supplies,Business & Industrial > Signage > Retail & Sale Signs,"","",true,Title,Default Title,,,,,,,,,0.0,,0,deny,manual,28.00,,true,true,,,,,"",https://cdn.shopify.com/s/files/1/0759/8863/1701/files/MiniSigns.jpg?v=1766902058,1,"",false,,,,red,,,,plastic,wall,,portable,custom,,indoors,,,,,lb,,,active
sold-stickers,Sold Stickers,"<ul>
<li>Packaged 100 per shrink-wrapped pack.</li>
<li>
<strong>Stock:</strong><span> </span>White Matte Vinyl</li>
<li>
<strong>Size:</strong><span> </span>4"" x 7""</li>
</ul>",Giant Dealer Supplies,Business & Industrial > Signage > Retail & Sale Signs,"","",true,Title,Default Title,,,,,,,,,0.0,,0,deny,manual,26.00,,true,true,,,,,"",https://cdn.shopify.com/s/files/1/0759/8863/1701/files/SoldStickersRedandWhite.jpg?v=1766901859,1,"",false,,,,red,,,,vinyl,portable,,portable,sale,,indoors,,,,,lb,,,active
stock-stickers,Stock Stickers,"<ul>
<li>Clear plastic film seals sticker to inside of window on all four sides.</li>
<li>Packaged 100 per shrink-wrapped pack.</li>
<li>Available in 6 colors</li>
<li>For best performance use Fine Point Marker.</li>
</ul>",Giant Dealer Supplies,"Vehicles & Parts > Vehicle Parts & Accessories > Vehicle Maintenance, Care & Decor > Vehicle Decor > Vehicle Decals","","",true,Color,yellow,product.metafields.shopify.color-pattern,,,,,,,,453.59237,,0,deny,manual,16.95,,true,true,,,,,"",https://cdn.shopify.com/s/files/1/0759/8863/1701/files/StockStickers-Multicolors.jpg?v=1766901658,1,"",false,,,standard,yellow; orange; red; blue; green,,,plastic,,,,,,,,interior,easy-to-apply,car,,lb,,,active
stock-stickers,,,,,,,,,orange,,,,,,,,,453.59237,,0,deny,manual,16.95,,true,true,,,,,"",https://cdn.shopify.com/s/files/1/0759/8863/1701/files/StockStickers-Dimensions.jpg?v=1766901686,2,"",,,,,,,,,,,,,,,,,,,,lb,,,
stock-stickers,,,,,,,,,red,,,,,,,,,453.59237,,0,deny,manual,16.95,,true,true,,,,,"",,,,,,,,,,,,,,,,,,,,,,,lb,,,
stock-stickers,,,,,,,,,blue,,,,,,,,,453.59237,,0,deny,manual,16.95,,true,true,,,,,"",,,,,,,,,,,,,,,,,,,,,,,lb,,,
stock-stickers,,,,,,,,,green,,,,,,,,,453.59237,,0,deny,manual,16.95,,true,true,,,,,"",,,,,,,,,,,,,,,,,,,,,,,lb,,,
poly-tags,Poly Tags,"<ul>
<li>Available 250 per box</li>
<li>Includes 2 Fine Point Markers and Rings.</li>
<li>Available in White or Yellow</li>
</ul>",Giant Dealer Supplies,Office Supplies > General Office Supplies > Labels & Tags,"","",true,Color,white,product.metafields.shopify.color-pattern,,,,,,,,635.029318,,0,deny,manual,38.00,,true,true,,,,,"",https://cdn.shopify.com/s/files/1/0759/8863/1701/files/PolyTags_Yellow.jpg?v=1766900623,1,"",false,,,,white; yellow,,,,,,plastic,,,,,,,,,lb,,,active
poly-tags,,,,,,,,,yellow,,,,,,,,,635.029318,,0,deny,manual,38.00,,true,true,,,,,"",https://cdn.shopify.com/s/files/1/0759/8863/1701/files/PolyTagswithDimensions.jpg?v=1766900643,2,"",,,,,,,,,,,,,,,,,,,,lb,,,
poly-tags,,,,,,,,,,,,,,,,,,,,,,,,,,,,,,,,https://cdn.shopify.com/s/files/1/0759/8863/1701/files/OpenBoxPolyTags.jpg?v=1766900665,3,"",,,,,,,,,,,,,,,,,,,,,,,
poly-tags,,,,,,,,,,,,,,,,,,,,,,,,,,,,,,,,https://cdn.shopify.com/s/files/1/0759/8863/1701/files/WhitePolyTag.jpg?v=1766900705,4,"",,,,,,,,,,,,,,,,,,,,,,,
consecu-tags,Consecu-Tags,"<ul>
<li>Packaged 125 sets in one color per box, with rings.</li>
<li>Available in Blanks</li>
</ul>",Giant Dealer Supplies,Office Supplies > Filing & Organization,Key Tags,"",true,Title,Default Title,,,,,,,,,1224.699399,,0,deny,manual,58.00,,true,true,,,,,"",https://cdn.shopify.com/s/files/1/0759/8863/1701/files/ConsecuTagMeasurements.jpg?v=1766900262,1,"",false,,,,black; green,,,plastic,,,,,,,,exterior,easy-to-apply,car,,lb,,,active
consecu-tags,,,,,,,,,,,,,,,,,,,,,,,,,,,,,,,,https://cdn.shopify.com/s/files/1/0759/8863/1701/files/PulledApartConsecuTags.jpg?v=1766900291,2,"",,,,,,,,,,,,,,,,,,,,,,,
versa-tags,Versa Tags,"<ul>
<li>Write on with any pen or marker.</li>
<li>Packaged 250 tags per box, with rings.</li>
<li>10 colors to choose from!</li>
</ul>",Giant Dealer Supplies,Office Supplies > General Office Supplies > Labels & Tags,"","",true,Color,lime-green,product.metafields.shopify.color-pattern,,,,,,,,680.388555,,0,deny,manual,42.00,,true,true,,,,,"",https://cdn.shopify.com/s/files/1/0759/8863/1701/files/VersaTags.jpg?v=1766898626,1,"",false,,,,lime-green; green; tan; red; yellow; orange; gray; pink; white; blue,,,,,,plastic,,,,,,,,,lb,,,active
versa-tags,,,,,,,,,green,,,,,,,,,680.388555,,0,deny,manual,42.00,,true,true,,,,,"",https://cdn.shopify.com/s/files/1/0759/8863/1701/files/WhiteVersaTags.jpg?v=1766898626,2,"",,,,,,,,,,,,,,,,,,,,lb,,,
versa-tags,,,,,,,,,tan,,,,,,,,,680.388555,,0,deny,manual,42.00,,true,true,,,,,"",https://cdn.shopify.com/s/files/1/0759/8863/1701/files/VersaTagsonakey.jpg?v=1766898626,3,"",,,,,,,,,,,,,,,,,,,,lb,,,
versa-tags,,,,,,,,,red,,,,,,,,,680.388555,,0,deny,manual,42.00,,true,true,,,,,"",https://cdn.shopify.com/s/files/1/0759/8863/1701/files/BoxofVersaTags.jpg?v=1766898626,4,"",,,,,,,,,,,,,,,,,,,,lb,,,
versa-tags,,,,,,,,,yellow,,,,,,,,,680.388555,,0,deny,manual,42.00,,true,true,,,,,"",https://cdn.shopify.com/s/files/1/0759/8863/1701/files/PeelingVersaTags.jpg?v=1766898626,5,"",,,,,,,,,,,,,,,,,,,,lb,,,
versa-tags,,,,,,,,,orange,,,,,,,,,680.388555,,0,deny,manual,42.00,,true,true,,,,,"",,,,,,,,,,,,,,,,,,,,,,,lb,,,
versa-tags,,,,,,,,,gray,,,,,,,,,680.388555,,0,deny,manual,42.00,,true,true,,,,,"",,,,,,,,,,,,,,,,,,,,,,,lb,,,
versa-tags,,,,,,,,,pink,,,,,,,,,680.388555,,0,deny,manual,42.00,,true,true,,,,,"",,,,,,,,,,,,,,,,,,,,,,,lb,,,
versa-tags,,,,,,,,,white,,,,,,,,,680.388555,,0,deny,manual,42.00,,true,true,,,,,"",,,,,,,,,,,,,,,,,,,,,,,lb,,,
versa-tags,,,,,,,,,blue,,,,,,,,,680.388555,,0,deny,manual,42.00,,true,true,,,,,"",,,,,,,,,,,,,,,,,,,,,,,lb,,,
